initial_speed,initial_angle,max_range,max_height
10,1,0.356117313,0.001554013
10,3,1.066616972,0.013974757
10,5,1.77192018,0.038755732
10,7,2.468590771,0.075776208
10,9,3.153234636,0.124855826
10,11,3.822516259,0.185755473
10,13,4.473174967,0.258178453
10,15,5.102040816,0.341771929
10,17,5.706050035,0.436128641
10,19,6.282259952,0.540788894
10,21,6.82786333,0.655242792
10,23,7.340202044,0.778932728
10,25,7.816780032,0.911256098
10,27,8.255275453,1.051568234
10,29,8.653552002,1.19918555
10,31,9.009669315,1.35338887
10,33,9.321892425,1.513426931
10,35,9.588700212,1.678520043
10,37,9.808792816,1.847863888
10,39,9.981097967,2.020633442
10,41,10.10477621,2.195986987
10,43,10.179225,2.37307022
10,45,10.20408163,2.551020408
10,47,10.179225,2.728970596
10,49,10.10477621,2.906053829
10,51,9.981097967,3.081407375
10,53,9.808792816,3.254176928
10,55,9.588700212,3.423520774
10,57,9.321892425,3.588613885
10,59,9.009669315,3.748651946
10,61,8.653552002,3.902855266
10,63,8.255275453,4.050472582
10,65,7.816780032,4.190784719
10,67,7.340202044,4.323108088
10,69,6.82786333,4.446798024
10,71,6.282259952,4.561251922
10,73,5.706050035,4.665912175
10,75,5.102040816,4.760268887
10,77,4.473174967,4.843862363
10,79,3.822516259,4.916285343
10,81,3.153234636,4.977184991
10,83,2.468590771,5.026264608
10,85,1.77192018,5.063285084
10,87,1.066616972,5.08806606
10,89,0.356117313,5.100486804
20,1,1.424469253,0.006216051
20,3,4.266467888,0.055899027
20,5,7.087680721,0.155022928
20,7,9.874363086,0.303104834
20,9,12.61293855,0.499423303
20,11,15.29006504,0.743021892
20,13,17.89269987,1.032713813
20,15,20.40816327,1.367087716
20,17,22.82420014,1.744514566
20,19,25.12903981,2.163155575
20,21,27.31145332,2.620971169
20,23,29.36080818,3.115730914
20,25,31.26712013,3.645024391
20,27,33.02110181,4.206272936
20,29,34.61420801,4.796742202
20,31,36.03867726,5.413555482
20,33,37.2875697,6.053707724
20,35,38.35480085,6.71408017
20,37,39.23517126,7.391455553
20,39,39.92439187,8.082533767
20,41,40.41910485,8.783947949
20,43,40.71690001,9.49228088
20,45,40.81632653,10.20408163
20,47,40.71690001,10.91588239
20,49,40.41910485,11.62421532
20,51,39.92439187,12.3256295
20,53,39.23517126,13.01670771
20,55,38.35480085,13.6940831
20,57,37.2875697,14.35445554
20,59,36.03867726,14.99460778
20,61,34.61420801,15.61142106
20,63,33.02110181,16.20189033
20,65,31.26712013,16.76313887
20,67,29.36080818,17.29243235
20,69,27.31145332,17.7871921
20,71,25.12903981,18.24500769
20,73,22.82420014,18.6636487
20,75,20.40816327,19.04107555
20,77,17.89269987,19.37544945
20,79,15.29006504,19.66514137
20,81,12.61293855,19.90873996
20,83,9.874363086,20.10505843
20,85,7.087680721,20.25314034
20,87,4.266467888,20.35226424
20,89,1.424469253,20.40194721
30,1,3.20505582,0.013986114
30,3,9.599552749,0.12577281
30,5,15.94728162,0.348801589
30,7,22.21731694,0.681985876
30,9,28.37911173,1.123702432
30,11,34.40264633,1.671799257
30,13,40.25857471,2.32360608
30,15,45.91836735,3.075947362
30,17,51.35445032,3.925157773
30,19,56.54033957,4.867100045
30,21,61.45076997,5.897185129
30,23,66.0618184,7.010394556
30,25,70.35102029,8.20130488
30,27,74.29747908,9.464114106
30,29,77.88196801,10.79266995
30,31,81.08702383,12.18049983
30,33,83.89703182,13.62084238
30,35,86.29830191,15.10668038
30,37,88.27913534,16.63077499
30,39,89.8298817,18.18570098
30,41,90.9429859,19.76388289
30,43,91.61302502,21.35763198
30,45,91.83673469,22.95918367
30,47,91.61302502,24.56073537
30,49,90.9429859,26.15448446
30,51,89.8298817,27.73266637
30,53,88.27913534,29.28759235
30,55,86.29830191,30.81168696
30,57,83.89703182,32.29752497
30,59,81.08702383,33.73786751
30,61,77.88196801,35.12569739
30,63,74.29747908,36.45425324
30,65,70.35102029,37.71706247
30,67,66.0618184,38.90797279
30,69,61.45076997,40.02118222
30,71,56.54033957,41.0512673
30,73,51.35445032,41.99320957
30,75,45.91836735,42.84241998
30,77,40.25857471,43.59476127
30,79,34.40264633,44.24656809
30,81,28.37911173,44.79466491
30,83,22.21731694,45.23638147
30,85,15.94728162,45.56956576
30,87,9.599552749,45.79259454
30,89,3.20505582,45.90438123
40,1,5.697877013,0.024864203
40,3,17.06587155,0.223596107
40,5,28.35072288,0.620091714
40,7,39.49745234,1.212419336
40,9,50.45175418,1.997693212
40,11,61.16026015,2.972087569
40,13,71.57079948,4.130855253
40,15,81.63265306,5.468350866
40,17,91.29680057,6.978058263
40,19,100.5161592,8.652622302
40,21,109.2458133,10.48388467
40,23,117.4432327,12.46292365
40,25,125.0684805,14.58009756
40,27,132.0844072,16.82509174
40,29,138.456832,19.18696881
40,31,144.154709,21.65422193
40,33,149.1502788,24.21483089
40,35,153.4192034,26.85632068
40,37,156.9406851,29.56582221
40,39,159.6975675,32.33013507
40,41,161.6764194,35.1357918
40,43,162.8676,37.96912352
40,45,163.2653061,40.81632653
40,47,162.8676,43.66352954
40,49,161.6764194,46.49686126
40,51,159.6975675,49.30251799
40,53,156.9406851,52.06683085
40,55,153.4192034,54.77633238
40,57,149.1502788,57.41782217
40,59,144.154709,59.97843113
40,61,138.456832,62.44568425
40,63,132.0844072,64.80756132
40,65,125.0684805,67.0525555
40,67,117.4432327,69.16972941
40,69,109.2458133,71.14876839
40,71,100.5161592,72.98003076
40,73,91.29680057,74.6545948
40,75,81.63265306,76.1643022
40,77,71.57079948,77.50179781
40,79,61.16026015,78.66056549
40,81,50.45175418,79.63495985
40,83,39.49745234,80.42023373
40,85,28.35072288,81.01256135
40,87,17.06587155,81.40905695
40,89,5.697877013,81.60778886
50,1,8.902932832,0.038850318
50,3,26.6654243,0.349368918
50,5,44.29800451,0.968893303
50,7,61.71476929,1.894405212
50,9,78.83086591,3.121395644
50,11,95.56290648,4.643886826
50,13,111.8293742,6.454461333
50,15,127.5510204,8.544298228
50,17,142.6512509,10.90321604
50,19,157.0564988,13.51972235
50,21,170.6965833,16.3810698
50,23,183.5050511,19.47331821
50,25,195.4195008,22.78140244
50,27,206.3818863,26.28920585
50,29,216.3388,29.97963876
50,31,225.2417329,33.83472176
50,33,233.0473106,37.83567327
50,35,239.7175053,41.96300106
50,37,245.2198204,46.19659721
50,39,249.5274492,50.51583604
50,41,252.6194053,54.89967468
50,43,254.4806251,59.3267555
50,45,255.1020408,63.7755102
50,47,254.4806251,68.22426491
50,49,252.6194053,72.65134572
50,51,249.5274492,77.03518436
50,53,245.2198204,81.3544232
50,55,239.7175053,85.58801934
50,57,233.0473106,89.71534713
50,59,225.2417329,93.71629865
50,61,216.3388,97.57138165
50,63,206.3818863,101.2618146
50,65,195.4195008,104.769618
50,67,183.5050511,108.0777022
50,69,170.6965833,111.1699506
50,71,157.0564988,114.0312981
50,73,142.6512509,116.6478044
50,75,127.5510204,119.0067222
50,77,111.8293742,121.0965591
50,79,95.56290648,122.9071336
50,81,78.83086591,124.4296248
50,83,61.71476929,125.6566152
50,85,44.29800451,126.5821271
50,87,26.6654243,127.2016515
50,89,8.902932832,127.5121701
60,1,12.82022328,0.055944457
60,3,38.398211,0.503091242
60,5,63.78912649,1.395206356
60,7,88.86926777,2.727943505
60,9,113.5164469,4.494809728
60,11,137.6105853,6.68719703
60,13,161.0342988,9.294424319
60,15,183.6734694,12.30378945
60,17,205.4178013,15.70063109
60,19,226.1613583,19.46840018
60,21,245.8030799,23.58874052
60,23,264.2472736,28.04157822
60,25,281.4040811,32.80521952
60,27,297.1899163,37.85645642
60,29,311.5278721,43.17067982
60,31,324.3480953,48.72199934
60,33,335.5881273,54.48336951
60,35,345.1932076,60.42672153
60,37,353.1165414,66.52309998
60,39,359.3195268,72.7428039
60,41,363.7719436,79.05553154
60,43,366.4521001,85.43052792
60,45,367.3469388,91.83673469
60,47,366.4521001,98.24294147
60,49,363.7719436,104.6179378
60,51,359.3195268,110.9306655
60,53,353.1165414,117.1503694
60,55,345.1932076,123.2467479
60,57,335.5881273,129.1900999
60,59,324.3480953,134.9514701
60,61,311.5278721,140.5027896
60,63,297.1899163,145.817013
60,65,281.4040811,150.8682499
60,67,264.2472736,155.6318912
60,69,245.8030799,160.0847289
60,71,226.1613583,164.2050692
60,73,205.4178013,167.9728383
60,75,183.6734694,171.3696799
60,77,161.0342988,174.3790451
60,79,137.6105853,176.9862724
60,81,113.5164469,179.1786597
60,83,88.86926777,180.9455259
60,85,63.78912649,182.278263
60,87,38.398211,183.1703781
60,89,12.82022328,183.6175249
70,1,17.44974835,0.076146623
70,3,52.26423163,0.684763079
70,5,86.82408883,1.899030873
70,7,120.9609478,3.713034216
70,9,154.5084972,6.117935463
70,11,187.3032967,9.102018179
70,13,219.1855734,12.65074421
70,15,250,16.74682453
70,17,279.5964517,21.37030343
70,19,307.8307377,26.4986558
70,21,334.5653032,32.10689682
70,23,359.6699002,38.16770369
70,25,383.0222216,44.65154879
70,27,404.5084972,51.52684346
70,29,424.0240481,58.76009197
70,31,441.4737964,66.31605465
70,33,456.7727288,74.15791962
70,35,469.8463104,82.24748208
70,37,480.630848,90.54533052
70,39,489.0738004,99.01103865
70,41,495.1340344,107.6033624
70,43,498.7820251,116.2804408
70,45,500,125
70,47,498.7820251,133.7195592
70,49,495.1340344,142.3966376
70,51,489.0738004,150.9889614
70,53,480.630848,159.4546695
70,55,469.8463104,167.7525179
70,57,456.7727288,175.8420804
70,59,441.4737964,183.6839453
70,61,424.0240481,191.239908
70,63,404.5084972,198.4731565
70,65,383.0222216,205.3484512
70,67,359.6699002,211.8322963
70,69,334.5653032,217.8931032
70,71,307.8307377,223.5013442
70,73,279.5964517,228.6296966
70,75,250,233.2531755
70,77,219.1855734,237.3492558
70,79,187.3032967,240.8979818
70,81,154.5084972,243.8820645
70,83,120.9609478,246.2869658
70,85,86.82408883,248.1009691
70,87,52.26423163,249.3152369
70,89,17.44974835,249.9238534
80,1,22.79150805,0.099456813
80,3,68.26348622,0.89438443
80,5,113.4028915,2.480366855
80,7,157.9898094,4.849677343
80,9,201.8070167,7.99077285
80,11,244.6410406,11.88835027
80,13,286.2831979,16.52342101
80,15,326.5306122,21.87340346
80,17,365.1872023,27.91223305
80,19,402.0646369,34.61048921
80,21,436.9832531,41.9355387
80,23,469.7729308,49.85169462
80,25,500.273922,58.32039026
80,27,528.337629,67.30036697
80,29,553.8273281,76.74787523
80,31,576.6188362,86.61688771
80,33,596.6011152,96.85932358
80,35,613.6768136,107.4252827
80,37,627.7627402,118.2632888
80,39,638.7902699,129.3205403
80,41,646.7056775,140.5431672
80,43,651.4704002,151.8764941
80,45,653.0612245,163.2653061
80,47,651.4704002,174.6541182
80,49,646.7056775,185.9874451
80,51,638.7902699,197.210072
80,53,627.7627402,208.2673234
80,55,613.6768136,219.1053295
80,57,596.6011152,229.6712887
80,59,576.6188362,239.9137245
80,61,553.8273281,249.782737
80,63,528.337629,259.2302453
80,65,500.273922,268.210222
80,67,469.7729308,276.6789176
80,69,436.9832531,284.5950735
80,71,402.0646369,291.920123
80,73,365.1872023,298.6183792
80,75,326.5306122,304.6572088
80,77,286.2831979,310.0071912
80,79,244.6410406,314.642262
80,81,201.8070167,318.5398394
80,83,157.9898094,321.6809349
80,85,113.4028915,324.0502454
80,87,68.26348622,325.6362278
80,89,22.79150805,326.4311554
90,1,28.84550238,0.125875029
90,3,86.39597474,1.131955294
90,5,143.5255346,3.139214301
90,7,199.9558525,6.137872887
90,9,255.4120056,10.11332189
90,11,309.623817,15.04619332
90,13,362.3271723,20.91245472
90,15,413.2653061,27.68352626
90,17,462.1900529,35.32641996
90,19,508.8630561,43.8039004
90,21,553.0569297,53.07466616
90,23,594.5563656,63.093551
90,25,633.1591826,73.81174392
90,27,668.6773117,85.17702695
90,29,700.9377121,97.13402958
90,31,729.7832145,109.6244985
90,33,755.0732864,122.5875814
90,35,776.6847172,135.9601234
90,37,794.5122181,149.6769749
90,39,808.4689353,163.6713088
90,41,818.4868731,177.874946
90,43,824.5172252,192.2186878
90,45,826.5306122,206.6326531
90,47,824.5172252,221.0466183
90,49,818.4868731,235.3903601
90,51,808.4689353,249.5939973
90,53,794.5122181,263.5883312
90,55,776.6847172,277.3051827
90,57,755.0732864,290.6777247
90,59,729.7832145,303.6408076
90,61,700.9377121,316.1312765
90,63,668.6773117,328.0882792
90,65,633.1591826,339.4535622
90,67,594.5563656,350.1717551
90,69,553.0569297,360.19064
90,71,508.8630561,369.4614057
90,73,462.1900529,377.9388862
90,75,413.2653061,385.5817799
90,77,362.3271723,392.3528514
90,79,309.623817,398.2191128
90,81,255.4120056,403.1519842
90,83,199.9558525,407.1274332
90,85,143.5255346,410.1260918
90,87,86.39597474,412.1333508
90,89,28.84550238,413.1394311
90,1,28.84550238,0.125875029
90,3,86.39597474,1.131955294
90,5,143.5255346,3.139214301
90,7,199.9558525,6.137872887
90,9,255.4120056,10.11332189
90,11,309.623817,15.04619332
90,13,362.3271723,20.91245472
90,15,413.2653061,27.68352626
90,17,462.1900529,35.32641996
90,19,508.8630561,43.8039004
90,21,553.0569297,53.07466616
90,23,594.5563656,63.093551
90,25,633.1591826,73.81174392
90,27,668.6773117,85.17702695
90,29,700.9377121,97.13402958
90,31,729.7832145,109.6244985
90,33,755.0732864,122.5875814
90,35,776.6847172,135.9601234
90,37,794.5122181,149.6769749
90,39,808.4689353,163.6713088
90,41,818.4868731,177.874946
90,43,824.5172252,192.2186878
90,45,826.5306122,206.6326531
90,47,824.5172252,221.0466183
90,49,818.4868731,235.3903601
90,51,808.4689353,249.5939973
90,53,794.5122181,263.5883312
90,55,776.6847172,277.3051827
90,57,755.0732864,290.6777247
90,59,729.7832145,303.6408076
90,61,700.9377121,316.1312765
90,63,668.6773117,328.0882792
90,65,633.1591826,339.4535622
90,67,594.5563656,350.1717551
90,69,553.0569297,360.19064
90,71,508.8630561,369.4614057
90,73,462.1900529,377.9388862
90,75,413.2653061,385.5817799
90,77,362.3271723,392.3528514
90,79,309.623817,398.2191128
90,81,255.4120056,403.1519842
90,83,199.9558525,407.1274332
90,85,143.5255346,410.1260918
90,87,86.39597474,412.1333508
90,89,28.84550238,413.1394311
100,1,35.61173133,0.155401271
100,3,106.6616972,1.397475671
100,5,177.192018,3.875573211
100,7,246.8590771,7.577620848
100,9,315.3234636,12.48558258
100,11,382.2516259,18.5755473
100,13,447.3174967,25.81784533
100,15,510.2040816,34.17719291
100,17,570.6050035,43.61286414
100,19,628.2259952,54.07888939
100,21,682.786333,65.52427921
100,23,734.0202044,77.89327284
100,25,781.6780032,91.12560977
100,27,825.5275453,105.1568234
100,29,865.3552002,119.918555
100,31,900.9669315,135.338887
100,33,932.1892425,151.3426931
100,35,958.8700212,167.8520043
100,37,980.8792816,184.7863888
100,39,998.1097967,202.0633442
100,41,1010.477621,219.5986987
100,43,1017.9225,237.307022
100,45,1020.408163,255.1020408
100,47,1017.9225,272.8970596
100,49,1010.477621,290.6053829
100,51,998.1097967,308.1407375
100,53,980.8792816,325.4176928
100,55,958.8700212,342.3520774
100,57,932.1892425,358.8613885
100,59,900.9669315,374.8651946
100,61,865.3552002,390.2855266
100,63,825.5275453,405.0472582
100,65,781.6780032,419.0784719
100,67,734.0202044,432.3108088
100,69,682.786333,444.6798024
100,71,628.2259952,456.1251922
100,73,570.6050035,466.5912175
100,75,510.2040816,476.0268887
100,77,447.3174967,484.3862363
100,79,382.2516259,491.6285343
100,81,315.3234636,497.7184991
100,83,246.8590771,502.6264608
100,85,177.192018,506.3285084
100,87,106.6616972,508.806606
100,89,35.61173133,510.0486804
10,2,0.711800752,0.006214158
10,4,1.420133683,0.024826355
10,6,2.121547865,0.055745916
10,8,2.81262608,0.098822204
10,10,3.490001463,0.153845355
10,12,4.150373909,0.220547302
10,14,4.790526151,0.298603079
10,16,5.407339431,0.387632408
10,18,5.997808697,0.487201545
10,20,6.559057242,0.5968254
10,22,7.088350719,0.715969897
10,24,7.583110464,0.844054576
10,26,8.040926057,0.98045542
10,28,8.459567067,1.124507899
10,30,8.836993916,1.275510204
10,32,9.171367819,1.432726666
10,34,9.46105974,1.595391343
10,36,9.70465833,1.762711749
10,38,9.900976799,1.933872715
10,40,10.0490587,2.108040363
10,42,10.14818261,2.284366165
10,44,10.19786558,2.46199108
10,46,10.19786558,2.640049736
10,48,10.14818261,2.817674651
10,50,10.0490587,2.994000453
10,52,9.900976799,3.168168101
10,54,9.70465833,3.339329067
10,56,9.46105974,3.506649473
10,58,9.171367819,3.66931415
10,60,8.836993916,3.826530612
10,62,8.459567067,3.977532917
10,64,8.040926057,4.121585396
10,66,7.583110464,4.257986241
10,68,7.088350719,4.386070919
10,70,6.559057242,4.505215416
10,72,5.997808697,4.614839271
10,74,5.407339431,4.714408409
10,76,4.790526151,4.803437737
10,78,4.150373909,4.881493514
10,80,3.490001463,4.948195461
10,82,2.81262608,5.003218612
10,84,2.121547865,5.0462949
10,86,1.420133683,5.077214461
10,88,0.711800752,5.095826659
10,90,0,5.102040816
20,2,2.84720301,0.02485663
20,4,5.680534733,0.099305421
20,6,8.486191462,0.222983666
20,8,11.25050432,0.395288817
20,10,13.96000585,0.615381421
20,12,16.60149564,0.882189208
20,14,19.1621046,1.194412318
20,16,21.62935772,1.550529631
20,18,23.99123479,1.94880618
20,20,26.23622897,2.387301601
20,22,28.35340288,2.863879588
20,24,30.33244186,3.376218302
20,26,32.16370423,3.92182168
20,28,33.83826827,4.498031597
20,30,35.34797566,5.102040816
20,32,36.68547128,5.730906665
20,34,37.84423896,6.381565373
20,36,38.81863332,7.050846996
20,38,39.60390719,7.735490861
20,40,40.19623482,8.432161452
20,42,40.59273042,9.137464661
20,44,40.79146233,9.847964319
20,46,40.79146233,10.56019895
20,48,40.59273042,11.2706986
20,50,40.19623482,11.97600181
20,52,39.60390719,12.6726724
20,54,38.81863332,13.35731627
20,56,37.84423896,14.02659789
20,58,36.68547128,14.6772566
20,60,35.34797566,15.30612245
20,62,33.83826827,15.91013167
20,64,32.16370423,16.48634158
20,66,30.33244186,17.03194496
20,68,28.35340288,17.54428368
20,70,26.23622897,18.02086166
20,72,23.99123479,18.45935709
20,74,21.62935772,18.85763363
20,76,19.1621046,19.21375095
20,78,16.60149564,19.52597406
20,80,13.96000585,19.79278184
20,82,11.25050432,20.01287445
20,84,8.486191462,20.1851796
20,86,5.680534733,20.30885784
20,88,2.84720301,20.38330664
20,90,0,20.40816327
30,2,6.406206772,0.055927418
30,4,12.78120315,0.223437197
30,6,19.09393079,0.501713248
30,8,25.31363472,0.889399838
30,10,31.41001316,1.384608196
30,12,37.35336518,1.984925717
30,14,43.11473536,2.687427715
30,16,48.66605488,3.48869167
30,18,53.98027827,4.384813905
30,20,59.03151518,5.371428602
30,22,63.79515647,6.443729074
30,24,68.24799418,7.596491181
30,26,72.36833451,8.824098781
30,28,76.1361036,10.12057109
30,30,79.53294525,11.47959184
30,32,82.54231037,12.89454
30,34,85.14953766,14.35852209
30,36,87.34192497,15.86440574
30,38,89.10879119,17.40485444
30,40,90.44152834,18.97236327
30,42,91.33364345,20.55929549
30,44,91.78079024,22.15791972
30,46,91.78079024,23.76044763
30,48,91.33364345,25.35907186
30,50,90.44152834,26.94600408
30,52,89.10879119,28.51351291
30,54,87.34192497,30.05396161
30,56,85.14953766,31.55984526
30,58,82.54231037,33.02382735
30,60,79.53294525,34.43877551
30,62,76.1361036,35.79779625
30,64,72.36833451,37.09426857
30,66,68.24799418,38.32187617
30,68,63.79515647,39.47463827
30,70,59.03151518,40.54693875
30,72,53.98027827,41.53355344
30,74,48.66605488,42.42967568
30,76,43.11473536,43.23093963
30,78,37.35336518,43.93344163
30,80,31.41001316,44.53375915
30,82,25.31363472,45.02896751
30,84,19.09393079,45.4166541
30,86,12.78120315,45.69493015
30,88,6.406206772,45.86243993
30,90,0,45.91836735
40,2,11.38881204,0.09942652
40,4,22.72213893,0.397221684
40,6,33.94476585,0.891934664
40,8,45.00201728,1.581155268
40,10,55.8400234,2.461525682
40,12,66.40598254,3.528756831
40,14,76.64841841,4.777649271
40,16,86.5174309,6.202118524
40,18,95.96493915,7.795224719
40,20,104.9449159,9.549206403
40,22,113.4136115,11.45551835
40,24,121.3297674,13.50487321
40,26,128.6548169,15.68728672
40,28,135.3530731,17.99212639
40,30,141.3919027,20.40816327
40,32,146.7418851,22.92362666
40,34,151.3769558,25.52626149
40,36,155.2745333,28.20338798
40,38,158.4156288,30.94196344
40,40,160.7849393,33.72864581
40,42,162.3709217,36.54985864
40,44,163.1658493,39.39185728
40,46,163.1658493,42.24079578
40,48,162.3709217,45.08279442
40,50,160.7849393,47.90400725
40,52,158.4156288,50.69068962
40,54,155.2745333,53.42926508
40,56,151.3769558,56.10639157
40,58,146.7418851,58.7090264
40,60,141.3919027,61.2244898
40,62,135.3530731,63.64052667
40,64,128.6548169,65.94536634
40,66,121.3297674,68.12777985
40,68,113.4136115,70.17713471
40,70,104.9449159,72.08344666
40,72,95.96493915,73.83742834
40,74,86.5174309,75.43053454
40,76,76.64841841,76.85500379
40,78,66.40598254,78.10389623
40,80,55.8400234,79.17112738
40,82,45.00201728,80.05149779
40,84,33.94476585,80.7407184
40,86,22.72213893,81.23543138
40,88,11.38881204,81.53322654
40,90,0,81.63265306
50,2,17.79501881,0.155353938
50,4,35.50334208,0.620658881
50,6,53.03869664,1.393647912
50,8,70.31565199,2.470555106
50,10,87.25003656,3.846133878
50,12,103.7593477,5.513682548
50,14,119.7631538,7.465076986
50,16,135.1834858,9.690810194
50,18,149.9452174,12.18003862
50,20,163.976431,14.92063501
50,22,177.208768,17.89924743
50,24,189.5777616,21.10136439
50,26,201.0231514,24.5113855
50,28,211.4891767,28.11269748
50,30,220.9248479,31.8877551
50,32,229.2841955,35.81816666
50,34,236.5264935,39.88478358
50,36,242.6164582,44.06779373
50,38,247.52442,48.34681788
50,40,251.2264676,52.70100908
50,42,253.7045651,57.10915413
50,44,254.9466395,61.549777
50,46,254.9466395,66.00124341
50,48,253.7045651,70.44186628
50,50,251.2264676,74.85001133
50,52,247.52442,79.20420253
50,54,242.6164582,83.48322668
50,56,236.5264935,87.66623682
50,58,229.2841955,91.73285375
50,60,220.9248479,95.66326531
50,62,211.4891767,99.43832293
50,64,201.0231514,103.0396349
50,66,189.5777616,106.449656
50,68,177.208768,109.651773
50,70,163.976431,112.6303854
50,72,149.9452174,115.3709818
50,74,135.1834858,117.8602102
50,76,119.7631538,120.0859434
50,78,103.7593477,122.0373379
50,80,87.25003656,123.7048865
50,82,70.31565199,125.0804653
50,84,53.03869664,126.1573725
50,86,35.50334208,126.9303615
50,88,17.79501881,127.3956665
50,90,0,127.5510204
60,2,25.62482709,0.22370967
60,4,51.1248126,0.893748789
60,6,76.37572316,2.006852994
60,8,101.2545389,3.557599353
60,10,125.6400527,5.538432785
60,12,149.4134607,7.93970287
60,14,172.4589414,10.74971086
60,16,194.6642195,13.95476668
60,18,215.9211131,17.53925562
60,20,236.1260607,21.48571441
60,22,255.1806259,25.7749163
60,24,272.9919767,30.38596472
60,26,289.4733381,35.29639512
60,28,304.5444144,40.48228438
60,30,318.131781,45.91836735
60,32,330.1692415,51.57815999
60,34,340.5981507,57.43408836
60,36,349.3676999,63.45762297
60,38,356.4351648,69.61941775
60,40,361.7661134,75.88945307
60,42,365.3345738,82.23718194
60,44,367.1231609,88.63167887
60,46,367.1231609,95.04179051
60,48,365.3345738,101.4362874
60,50,361.7661134,107.7840163
60,52,356.4351648,114.0540516
60,54,349.3676999,120.2158464
60,56,340.5981507,126.239381
60,58,330.1692415,132.0953094
60,60,318.131781,137.755102
60,62,304.5444144,143.191185
60,64,289.4733381,148.3770743
60,66,272.9919767,153.2875047
60,68,255.1806259,157.8985531
60,70,236.1260607,162.187755
60,72,215.9211131,166.1342138
60,74,194.6642195,169.7187027
60,76,172.4589414,172.9237585
60,78,149.4134607,175.7337665
60,80,125.6400527,178.1350366
60,82,101.2545389,180.11587
60,84,76.37572316,181.6666164
60,86,51.1248126,182.7797206
60,88,25.62482709,183.4497597
60,90,0,183.6734694
70,2,34.87823687,0.304493718
70,4,69.58655048,1.216491407
70,6,103.9558454,2.731549908
70,8,137.8186779,4.842288008
70,10,171.0100717,7.538422402
70,12,203.3683215,10.80681779
70,14,234.7357814,14.63155089
70,16,264.9596321,18.99398798
70,18,293.8926261,23.8728757
70,20,321.3938048,29.24444461
70,22,347.3291852,35.08252496
70,24,371.5724127,41.35867421
70,26,394.0053768,48.04231558
70,28,414.5187863,55.10088707
70,30,433.0127019,62.5
70,32,449.3970231,70.20360665
70,34,463.5919273,78.17417582
70,36,475.5282581,86.3728757
70,38,485.1478631,94.75976305
70,40,492.4038765,103.2939778
70,42,497.2609477,111.9339421
70,44,499.6954135,120.6375629
70,46,499.6954135,129.3624371
70,48,497.2609477,138.0660579
70,50,492.4038765,146.7060222
70,52,485.1478631,155.2402369
70,54,475.5282581,163.6271243
70,56,463.5919273,171.8258242
70,58,449.3970231,179.7963933
70,60,433.0127019,187.5
70,62,414.5187863,194.8991129
70,64,394.0053768,201.9576844
70,66,371.5724127,208.6413258
70,68,347.3291852,214.917475
70,70,321.3938048,220.7555554
70,72,293.8926261,226.1271243
70,74,264.9596321,231.006012
70,76,234.7357814,235.3684491
70,78,203.3683215,239.1931822
70,80,171.0100717,242.4615776
70,82,137.8186779,245.157712
70,84,103.9558454,247.2684501
70,86,69.58655048,248.7835086
70,88,34.87823687,249.6955063
70,90,0,250
80,2,45.55524816,0.39770608
80,4,90.88855573,1.588886736
80,6,135.7790634,3.567738656
80,8,180.0080691,6.324621071
80,10,223.3600936,9.846102729
80,12,265.6239302,14.11502732
80,14,306.5936737,19.11059708
80,16,346.0697236,24.8084741
80,18,383.8597566,31.18089888
80,20,419.7796635,38.19682561
80,22,453.654446,45.82207341
80,24,485.3190697,54.01949284
80,26,514.6192677,62.74914689
80,28,541.4122923,71.96850556
80,30,565.5676106,81.63265306
80,32,586.9675404,91.69450665
80,34,605.5078234,102.105046
80,36,621.0981331,112.8135519
80,38,633.6625151,123.7678538
80,40,643.1397571,134.9145832
80,42,649.4836868,146.1994346
80,44,652.6633972,157.5674291
80,46,652.6633972,168.9631831
80,48,649.4836868,180.3311777
80,50,643.1397571,191.616029
80,52,633.6625151,202.7627585
80,54,621.0981331,213.7170603
80,56,605.5078234,224.4255663
80,58,586.9675404,234.8361056
80,60,565.5676106,244.8979592
80,62,541.4122923,254.5621067
80,64,514.6192677,263.7814654
80,66,485.3190697,272.5111194
80,68,453.654446,280.7085388
80,70,419.7796635,288.3337866
80,72,383.8597566,295.3497134
80,74,346.0697236,301.7221381
80,76,306.5936737,307.4200152
80,78,265.6239302,312.4155849
80,80,223.3600936,316.6845095
80,82,180.0080691,320.2059912
80,84,135.7790634,322.9628736
80,86,90.88855573,324.9417255
80,88,45.55524816,326.1329062
80,90,0,326.5306122
90,2,57.65586095,0.503346758
90,4,115.0308283,2.010934775
90,6,171.8453771,4.515419236
90,8,227.8227125,8.004598543
90,10,282.6901185,12.46147377
90,12,336.1802866,17.86433146
90,14,388.0326182,24.18684943
90,16,437.9944939,31.39822503
90,18,485.8225044,39.46332514
90,20,531.2836366,48.34285742
90,22,574.1564082,57.99356166
90,24,614.2319476,68.36842062
90,26,651.3150106,79.41688903
90,28,685.2249324,91.08513984
90,30,715.7965072,103.3163265
90,32,742.8807934,116.05086
90,34,766.345839,129.2266988
90,36,786.0773247,142.7796517
90,38,801.9791207,156.6436899
90,40,813.973755,170.7512694
90,42,822.0027911,185.0336594
90,44,826.0271121,199.4212775
90,46,826.0271121,213.8440287
90,48,822.0027911,228.2316467
90,50,813.973755,242.5140367
90,52,801.9791207,256.6216162
90,54,786.0773247,270.4856544
90,56,766.345839,284.0386073
90,58,742.8807934,297.2144461
90,60,715.7965072,309.9489796
90,62,685.2249324,322.1801663
90,64,651.3150106,333.8484171
90,66,614.2319476,344.8968855
90,68,574.1564082,355.2717445
90,70,531.2836366,364.9224487
90,72,485.8225044,373.801981
90,74,437.9944939,381.8670811
90,76,388.0326182,389.0784567
90,78,336.1802866,395.4009747
90,80,282.6901185,400.8038324
90,82,227.8227125,405.2607076
90,84,171.8453771,408.7498869
90,86,115.0308283,411.2543713
90,88,57.65586095,412.7619594
90,90,0,413.2653061
100,2,71.18007525,0.62141575
100,4,142.0133683,2.482635525
100,6,212.1547865,5.57459165
100,8,281.262608,9.882220424
100,10,349.0001463,15.38453551
100,12,415.0373909,22.05473019
100,14,479.0526151,29.86030794
100,16,540.7339431,38.76324078
100,18,599.7808697,48.7201545
100,20,655.9057242,59.68254002
100,22,708.8350719,71.59698971
100,24,758.3110464,84.40545756
100,26,804.0926057,98.04554201
100,28,845.9567067,112.4507899
100,30,883.6993916,127.5510204
100,32,917.1367819,143.2726666
100,34,946.105974,159.5391343
100,36,970.465833,176.2711749
100,38,990.0976799,193.3872715
100,40,1004.90587,210.8040363
100,42,1014.818261,228.4366165
100,44,1019.786558,246.199108
100,46,1019.786558,264.0049736
100,48,1014.818261,281.7674651
100,50,1004.90587,299.4000453
100,52,990.0976799,316.8168101
100,54,970.465833,333.9329067
100,56,946.105974,350.6649473
100,58,917.1367819,366.931415
100,60,883.6993916,382.6530612
100,62,845.9567067,397.7532917
100,64,804.0926057,412.1585396
100,66,758.3110464,425.7986241
100,68,708.8350719,438.6070919
100,70,655.9057242,450.5215416
100,72,599.7808697,461.4839271
100,74,540.7339431,471.4408409
100,76,479.0526151,480.3437737
100,78,415.0373909,488.1493514
100,80,349.0001463,494.8195461
100,82,281.262608,500.3218612
100,84,212.1547865,504.62949
100,86,142.0133683,507.7214461
100,88,71.18007525,509.5826659
100,90,0,510.2040816
